AnonymousShopperId,FirstSeenDate,LastSeenDate,VisitCount,PreferredStoreId,AvgBasketValue
AN000001,2025-03-07,2025-03-28,5,ST013,99.35
AN000002,2025-03-30,2025-04-18,17,ST010,61.76
AN000003,2025-02-14,2025-07-14,14,ST005,71.82
AN000004,2025-04-16,2025-05-23,10,ST010,92.99
AN000005,2025-03-31,2025-08-09,24,ST003,142.24
AN000006,2025-06-08,2025-09-22,6,ST017,136.14
AN000007,2025-01-19,2025-07-09,18,ST015,85.96
AN000008,2025-03-24,2025-06-21,22,ST005,160.85
AN000009,2025-04-29,2025-08-22,7,ST003,152.63
AN000010,2025-02-16,2025-03-03,14,ST003,152.06
AN000011,2025-04-08,2025-07-10,24,ST009,132.01
AN000012,2025-03-17,2025-04-14,6,ST011,48.68
AN000013,2025-01-27,2025-07-24,12,ST007,23.77
AN000014,2025-01-01,2025-01-28,12,ST001,120.99
AN000015,2025-01-18,2025-01-28,7,ST015,51.93
AN000016,2025-01-01,2025-06-11,17,ST018,27.54
AN000017,2025-03-01,2025-03-22,19,ST017,113.77
AN000018,2025-06-30,2025-12-07,17,ST013,144.42
AN000019,2025-06-08,2025-06-14,22,ST006,152.67
AN000020,2025-05-16,2025-10-08,9,ST013,34.88
AN000021,2025-01-12,2025-06-03,15,ST017,23.89
AN000022,2025-01-18,2025-02-01,20,ST001,146.95
AN000023,2025-05-17,2025-07-12,2,ST012,104.41
AN000024,2025-02-25,2025-08-02,6,ST018,130.49
AN000025,2025-01-18,2025-04-05,4,ST015,105.1
AN000026,2025-02-22,2025-03-10,1,ST009,49.85
AN000027,2025-03-06,2025-08-25,22,ST007,98.03
AN000028,2025-04-12,2025-09-25,14,ST018,117.04
AN000029,2025-01-14,2025-02-10,23,ST009,128.61
AN000030,2025-04-09,2025-08-30,9,ST005,112.83
AN000031,2025-04-24,2025-09-22,13,ST003,108.33
AN000032,2025-06-22,2025-07-09,15,ST012,159.68
AN000033,2025-02-11,2025-05-12,5,ST017,142.16
AN000034,2025-02-12,2025-04-25,22,ST016,148.56
AN000035,2025-06-09,2025-11-15,2,ST017,175.81
AN000036,2025-04-09,2025-10-03,8,ST008,113.11
AN000037,2025-03-22,2025-09-08,9,ST010,118.37
AN000038,2025-05-15,2025-10-23,1,ST010,112.17
AN000039,2025-01-04,2025-06-02,3,ST007,28.9
AN000040,2025-01-27,2025-06-29,17,ST018,165.9
AN000041,2025-05-11,2025-05-12,14,ST016,52.14
AN000042,2025-05-12,2025-10-20,8,ST006,59.43
AN000043,2025-06-23,2025-11-07,18,ST013,154.79
AN000044,2025-02-14,2025-04-11,13,ST001,93.2
AN000045,2025-03-16,2025-07-16,10,ST016,58.6
AN000046,2025-03-17,2025-08-23,18,ST008,159.37
AN000047,2025-03-31,2025-07-22,2,ST005,120.12
AN000048,2025-06-21,2025-12-07,3,ST007,95.23
AN000049,2025-04-30,2025-07-16,21,ST010,153.74
AN000050,2025-02-04,2025-03-16,4,ST017,65.32
AN000051,2025-02-11,2025-03-18,1,ST015,55.1
AN000052,2025-04-06,2025-08-08,14,ST018,145.74
AN000053,2025-02-06,2025-02-27,8,ST006,110.53
AN000054,2025-03-25,2025-08-25,9,ST016,97.31
AN000055,2025-06-02,2025-09-08,11,ST016,52.0
AN000056,2025-03-23,2025-06-11,1,ST002,144.81
AN000057,2025-04-28,2025-05-02,15,ST006,134.87
AN000058,2025-05-08,2025-05-27,11,ST012,41.29
AN000059,2025-01-17,2025-04-03,21,ST016,162.92
AN000060,2025-05-11,2025-09-04,17,ST011,170.15
AN000061,2025-03-28,2025-05-15,11,ST009,94.12
AN000062,2025-05-16,2025-06-09,21,ST015,115.63
AN000063,2025-05-07,2025-08-01,20,ST009,28.23
AN000064,2025-06-07,2025-11-22,15,ST014,46.01
AN000065,2025-06-06,2025-09-19,12,ST004,89.46
AN000066,2025-03-31,2025-09-20,8,ST009,112.62
AN000067,2025-03-04,2025-07-23,10,ST017,94.32
AN000068,2025-02-15,2025-05-03,14,ST003,84.52
AN000069,2025-01-08,2025-04-30,4,ST006,131.32
AN000070,2025-05-15,2025-06-22,20,ST007,146.96
AN000071,2025-05-20,2025-10-28,16,ST016,131.41
AN000072,2025-05-22,2025-06-17,12,ST017,153.18
AN000073,2025-01-26,2025-03-06,13,ST003,43.71
AN000074,2025-02-12,2025-04-25,2,ST004,118.54
AN000075,2025-02-14,2025-06-28,2,ST016,147.54
AN000076,2025-06-26,2025-09-30,2,ST011,45.95
AN000077,2025-04-09,2025-07-10,14,ST005,96.18
AN000078,2025-02-11,2025-07-25,5,ST015,163.65
AN000079,2025-02-13,2025-04-13,5,ST007,48.88
AN000080,2025-04-30,2025-09-22,12,ST006,96.61
AN000081,2025-05-11,2025-06-29,1,ST005,144.09
AN000082,2025-04-30,2025-06-05,16,ST018,129.34
AN000083,2025-02-04,2025-06-08,11,ST016,121.94
AN000084,2025-02-24,2025-07-07,19,ST010,94.35
AN000085,2025-01-12,2025-03-03,23,ST017,43.27
AN000086,2025-02-17,2025-06-12,22,ST006,103.96
AN000087,2025-04-04,2025-07-23,19,ST004,82.17
AN000088,2025-05-05,2025-06-13,9,ST017,93.01
AN000089,2025-04-01,2025-07-08,16,ST005,77.69
AN000090,2025-01-12,2025-02-12,19,ST018,123.41
AN000091,2025-01-23,2025-03-10,9,ST014,45.62
AN000092,2025-02-23,2025-03-28,19,ST008,131.32
AN000093,2025-04-18,2025-10-06,23,ST005,34.89
AN000094,2025-06-02,2025-08-02,20,ST016,108.47
AN000095,2025-05-15,2025-11-10,8,ST018,66.21
AN000096,2025-03-22,2025-04-27,19,ST018,88.37
AN000097,2025-02-02,2025-07-03,17,ST004,164.88
AN000098,2025-01-26,2025-01-29,13,ST009,44.33
AN000099,2025-06-30,2025-08-16,19,ST018,63.89
AN000100,2025-03-21,2025-07-13,6,ST017,56.06
AN000101,2025-06-11,2025-07-03,4,ST015,138.62
AN000102,2025-06-18,2025-09-29,11,ST018,34.0
AN000103,2025-03-13,2025-06-29,19,ST004,82.46
AN000104,2025-03-13,2025-04-20,19,ST016,72.0
AN000105,2025-04-24,2025-06-01,15,ST015,156.59
AN000106,2025-02-20,2025-04-11,12,ST017,113.4
AN000107,2025-06-28,2025-07-23,12,ST007,50.34
AN000108,2025-06-12,2025-07-24,14,ST005,154.18
AN000109,2025-05-28,2025-09-12,19,ST001,167.57
AN000110,2025-03-15,2025-03-26,20,ST018,30.92
AN000111,2025-05-21,2025-08-11,10,ST003,84.06
AN000112,2025-02-24,2025-03-06,14,ST008,90.37
AN000113,2025-02-04,2025-04-16,11,ST009,22.85
AN000114,2025-05-26,2025-07-03,12,ST008,155.24
AN000115,2025-02-04,2025-03-09,8,ST009,39.1
AN000116,2025-05-04,2025-08-23,21,ST002,158.57
AN000117,2025-02-03,2025-07-31,15,ST010,100.22
AN000118,2025-06-03,2025-10-22,1,ST008,161.02
AN000119,2025-05-29,2025-07-04,10,ST007,82.55
AN000120,2025-03-02,2025-04-27,13,ST014,112.5
AN000121,2025-04-18,2025-07-12,1,ST018,88.3
AN000122,2025-05-18,2025-06-05,9,ST015,76.13
AN000123,2025-02-18,2025-05-28,5,ST011,156.71
AN000124,2025-02-09,2025-02-27,24,ST005,158.21
AN000125,2025-04-15,2025-10-10,24,ST003,74.68
AN000126,2025-04-27,2025-05-31,19,ST006,84.75
AN000127,2025-02-28,2025-06-08,11,ST006,78.51
AN000128,2025-04-19,2025-07-13,4,ST017,154.94
AN000129,2025-03-14,2025-05-17,12,ST002,168.72
AN000130,2025-04-08,2025-06-04,10,ST017,83.52
AN000131,2025-02-22,2025-07-24,18,ST016,65.12
AN000132,2025-03-16,2025-07-22,16,ST005,36.77
AN000133,2025-05-11,2025-07-01,17,ST013,64.19
AN000134,2025-04-12,2025-07-28,1,ST014,57.3
AN000135,2025-06-23,2025-06-23,8,ST013,109.78
AN000136,2025-05-25,2025-08-02,13,ST017,50.46
AN000137,2025-06-07,2025-09-20,20,ST013,132.2
AN000138,2025-01-17,2025-01-31,6,ST002,154.89
AN000139,2025-03-23,2025-05-07,8,ST004,131.54
AN000140,2025-04-26,2025-10-19,17,ST003,168.55
AN000141,2025-05-21,2025-06-20,8,ST017,113.32
AN000142,2025-01-28,2025-03-17,23,ST006,64.6
AN000143,2025-06-25,2025-12-21,6,ST014,118.94
AN000144,2025-02-11,2025-08-01,23,ST008,67.25
AN000145,2025-02-08,2025-04-18,4,ST004,179.16
AN000146,2025-03-31,2025-04-06,21,ST010,141.81
AN000147,2025-04-21,2025-04-27,2,ST014,46.64
AN000148,2025-05-13,2025-07-16,18,ST017,120.02
AN000149,2025-06-30,2025-09-17,4,ST003,116.8
AN000150,2025-04-04,2025-06-30,9,ST002,132.55
AN000151,2025-05-13,2025-06-25,11,ST004,134.56
AN000152,2025-05-28,2025-08-13,11,ST008,167.19
AN000153,2025-01-04,2025-05-02,20,ST005,101.88
AN000154,2025-05-08,2025-06-12,13,ST002,118.0
AN000155,2025-03-04,2025-08-27,7,ST004,28.55
AN000156,2025-04-01,2025-05-05,16,ST001,132.37
AN000157,2025-05-30,2025-09-29,10,ST016,91.61
AN000158,2025-03-03,2025-07-15,23,ST001,134.22
AN000159,2025-01-18,2025-05-11,24,ST002,112.84
AN000160,2025-02-22,2025-04-12,6,ST002,172.39
AN000161,2025-01-28,2025-04-30,3,ST005,116.39
AN000162,2025-06-01,2025-10-02,1,ST018,173.76
AN000163,2025-03-04,2025-03-13,20,ST004,37.19
AN000164,2025-06-09,2025-10-14,23,ST011,122.8
AN000165,2025-02-16,2025-07-14,4,ST014,74.21
AN000166,2025-06-10,2025-11-05,15,ST018,48.8
AN000167,2025-03-15,2025-06-08,10,ST010,91.21
AN000168,2025-05-17,2025-08-27,10,ST005,157.83
AN000169,2025-06-16,2025-09-03,1,ST006,53.29
AN000170,2025-06-10,2025-08-07,5,ST017,153.51
AN000171,2025-05-07,2025-08-17,3,ST012,93.77
AN000172,2025-02-26,2025-04-11,20,ST012,123.46
AN000173,2025-05-04,2025-05-25,4,ST017,134.72
AN000174,2025-06-19,2025-09-05,18,ST017,136.26
AN000175,2025-01-03,2025-03-16,23,ST008,132.88
AN000176,2025-02-10,2025-06-21,9,ST009,70.38
AN000177,2025-04-03,2025-09-07,18,ST013,131.36
AN000178,2025-02-01,2025-02-27,5,ST001,30.37
AN000179,2025-02-23,2025-04-14,21,ST001,156.23
AN000180,2025-03-08,2025-04-06,21,ST005,144.12
AN000181,2025-01-21,2025-02-11,9,ST001,132.14
AN000182,2025-02-13,2025-03-25,11,ST016,44.55
AN000183,2025-05-31,2025-10-26,5,ST009,93.76
AN000184,2025-02-23,2025-03-13,1,ST006,37.14
AN000185,2025-02-05,2025-07-20,15,ST013,62.64
AN000186,2025-05-18,2025-07-10,13,ST010,68.99
AN000187,2025-04-13,2025-06-19,1,ST005,100.67
AN000188,2025-02-18,2025-03-27,3,ST002,25.49
AN000189,2025-05-05,2025-05-11,17,ST016,23.13
AN000190,2025-01-27,2025-04-20,10,ST004,38.65
AN000191,2025-01-24,2025-03-20,24,ST005,82.17
AN000192,2025-02-20,2025-05-03,18,ST011,80.61
AN000193,2025-04-22,2025-10-15,13,ST005,117.71
AN000194,2025-04-12,2025-05-14,22,ST011,35.37
AN000195,2025-03-04,2025-06-15,10,ST002,94.84
AN000196,2025-05-05,2025-08-21,24,ST017,157.23
AN000197,2025-03-12,2025-05-15,15,ST017,88.59
AN000198,2025-05-08,2025-07-14,2,ST003,63.13
AN000199,2025-04-30,2025-05-17,24,ST004,146.61
AN000200,2025-03-26,2025-05-15,22,ST005,44.49
AN000201,2025-05-29,2025-08-03,13,ST006,46.22
AN000202,2025-01-09,2025-07-05,13,ST001,149.92
AN000203,2025-02-17,2025-03-28,17,ST016,166.74
AN000204,2025-02-23,2025-02-28,11,ST006,157.27
AN000205,2025-01-03,2025-03-19,15,ST006,159.91
AN000206,2025-02-17,2025-08-11,14,ST011,67.79
AN000207,2025-04-14,2025-05-19,16,ST016,177.98
AN000208,2025-05-12,2025-07-11,10,ST014,163.59
AN000209,2025-02-11,2025-02-12,6,ST002,157.46
AN000210,2025-04-29,2025-08-03,14,ST018,170.21
AN000211,2025-02-28,2025-07-29,24,ST008,114.38
AN000212,2025-06-20,2025-09-03,13,ST014,161.24
AN000213,2025-01-02,2025-02-08,4,ST004,86.95
AN000214,2025-06-30,2025-12-06,17,ST011,112.85
AN000215,2025-03-20,2025-09-12,23,ST002,172.42
AN000216,2025-06-09,2025-07-19,9,ST010,95.33
AN000217,2025-04-29,2025-05-11,12,ST001,57.37
AN000218,2025-02-05,2025-08-01,2,ST018,47.72
AN000219,2025-02-26,2025-08-09,9,ST018,42.17
AN000220,2025-04-26,2025-10-20,20,ST006,66.09
AN000221,2025-06-16,2025-07-08,22,ST018,77.58
AN000222,2025-05-26,2025-09-20,22,ST001,65.53
AN000223,2025-06-16,2025-08-06,23,ST011,64.23
AN000224,2025-05-22,2025-11-10,12,ST017,77.41
AN000225,2025-05-21,2025-06-21,13,ST010,22.41
AN000226,2025-01-14,2025-04-16,23,ST008,31.35
AN000227,2025-04-20,2025-05-06,20,ST013,104.9
AN000228,2025-02-12,2025-05-03,12,ST006,81.49
AN000229,2025-05-21,2025-07-03,8,ST014,168.22
AN000230,2025-01-10,2025-06-30,1,ST009,156.14
AN000231,2025-06-26,2025-08-29,2,ST012,119.75
AN000232,2025-01-10,2025-07-07,3,ST015,86.17
AN000233,2025-05-30,2025-07-10,12,ST011,48.34
AN000234,2025-03-15,2025-06-28,18,ST008,150.88
AN000235,2025-06-23,2025-10-04,3,ST009,114.76
AN000236,2025-02-02,2025-06-04,23,ST009,23.81
AN000237,2025-05-29,2025-09-20,11,ST009,95.54
AN000238,2025-02-10,2025-03-29,2,ST016,31.81
AN000239,2025-02-15,2025-03-10,18,ST012,30.32
AN000240,2025-06-14,2025-10-23,6,ST018,71.66
AN000241,2025-03-15,2025-06-01,18,ST001,147.71
AN000242,2025-04-30,2025-08-01,5,ST015,28.84
AN000243,2025-01-27,2025-06-01,15,ST015,119.81
AN000244,2025-05-22,2025-11-05,18,ST005,158.57
AN000245,2025-06-07,2025-08-08,20,ST015,129.01
AN000246,2025-02-22,2025-02-26,20,ST003,136.41
AN000247,2025-03-25,2025-09-13,5,ST006,78.11
AN000248,2025-06-30,2025-12-07,2,ST008,150.98
AN000249,2025-03-03,2025-05-23,15,ST015,111.49
AN000250,2025-04-22,2025-10-09,21,ST014,162.68
AN000251,2025-01-18,2025-06-12,2,ST006,141.99
AN000252,2025-06-01,2025-11-23,22,ST015,122.41
AN000253,2025-06-12,2025-07-14,14,ST014,163.09
AN000254,2025-04-27,2025-05-28,18,ST017,23.42
AN000255,2025-02-28,2025-06-09,19,ST013,117.95
AN000256,2025-05-18,2025-05-23,22,ST004,171.57
AN000257,2025-05-10,2025-09-11,19,ST008,81.94
AN000258,2025-04-05,2025-09-06,18,ST018,95.73
AN000259,2025-01-15,2025-06-26,17,ST016,86.36
AN000260,2025-02-23,2025-02-23,24,ST007,29.98
AN000261,2025-06-04,2025-10-05,24,ST008,101.1
AN000262,2025-04-03,2025-04-05,16,ST016,83.19
AN000263,2025-02-18,2025-04-13,18,ST007,52.02
AN000264,2025-02-27,2025-07-19,2,ST016,71.66
AN000265,2025-01-15,2025-06-23,18,ST015,81.98
AN000266,2025-05-31,2025-08-08,10,ST006,133.75
AN000267,2025-04-16,2025-09-10,7,ST002,129.92
AN000268,2025-06-27,2025-10-18,21,ST008,148.54
AN000269,2025-05-26,2025-11-03,10,ST014,45.28
AN000270,2025-05-25,2025-09-16,3,ST013,20.03
AN000271,2025-01-17,2025-06-29,1,ST018,146.27
AN000272,2025-02-13,2025-02-18,1,ST014,135.05
AN000273,2025-05-19,2025-07-24,16,ST009,177.59
AN000274,2025-02-03,2025-05-03,9,ST017,60.99
AN000275,2025-01-29,2025-07-02,16,ST018,73.93
AN000276,2025-06-20,2025-09-16,24,ST006,118.24
AN000277,2025-05-24,2025-08-24,10,ST007,151.31
AN000278,2025-05-01,2025-10-18,7,ST006,47.13
AN000279,2025-05-13,2025-05-14,9,ST015,23.32
AN000280,2025-03-06,2025-05-25,20,ST012,39.55
AN000281,2025-06-03,2025-11-12,6,ST014,59.33
AN000282,2025-02-23,2025-08-02,12,ST010,162.39
AN000283,2025-03-03,2025-05-26,15,ST014,44.7
AN000284,2025-06-19,2025-07-04,14,ST011,40.89
AN000285,2025-02-10,2025-04-07,6,ST012,88.48
AN000286,2025-05-22,2025-10-23,18,ST007,158.94
AN000287,2025-06-10,2025-10-05,17,ST017,80.27
AN000288,2025-04-09,2025-08-02,5,ST007,87.72
AN000289,2025-03-22,2025-08-08,11,ST004,152.36
AN000290,2025-05-27,2025-08-31,17,ST012,93.33
AN000291,2025-04-19,2025-08-19,12,ST016,156.3
AN000292,2025-04-18,2025-08-27,1,ST012,22.08
AN000293,2025-02-13,2025-05-14,16,ST010,61.7
AN000294,2025-03-07,2025-08-06,2,ST017,31.0
AN000295,2025-05-22,2025-09-07,12,ST008,103.47
AN000296,2025-04-27,2025-08-30,1,ST016,53.82
AN000297,2025-01-02,2025-06-30,22,ST008,71.28
AN000298,2025-03-04,2025-04-13,5,ST016,165.54
AN000299,2025-06-01,2025-07-18,5,ST002,41.63
AN000300,2025-04-22,2025-05-16,22,ST008,24.62
AN000301,2025-05-31,2025-08-02,2,ST003,96.5
AN000302,2025-05-02,2025-08-30,5,ST012,34.1
AN000303,2025-01-22,2025-06-05,7,ST003,168.64
AN000304,2025-03-22,2025-05-21,19,ST007,154.97
AN000305,2025-04-13,2025-05-28,19,ST014,111.14
AN000306,2025-04-01,2025-07-23,6,ST014,163.26
AN000307,2025-06-26,2025-08-13,5,ST015,163.94
AN000308,2025-03-01,2025-07-10,18,ST010,135.99
AN000309,2025-05-08,2025-09-18,9,ST016,75.66
AN000310,2025-05-22,2025-06-20,16,ST007,128.87
AN000311,2025-01-13,2025-05-05,7,ST006,142.21
AN000312,2025-04-10,2025-04-18,20,ST010,26.53
AN000313,2025-01-11,2025-03-12,8,ST011,31.35
AN000314,2025-06-30,2025-12-19,12,ST007,82.06
AN000315,2025-02-15,2025-03-29,10,ST003,26.77
AN000316,2025-02-21,2025-04-17,17,ST008,61.77
AN000317,2025-06-02,2025-11-16,22,ST009,131.35
AN000318,2025-01-19,2025-03-16,22,ST013,45.08
AN000319,2025-05-10,2025-10-25,18,ST011,126.43
AN000320,2025-02-26,2025-07-01,18,ST001,65.74
AN000321,2025-03-06,2025-04-06,16,ST001,144.83
AN000322,2025-03-15,2025-04-06,19,ST007,90.43
AN000323,2025-05-17,2025-07-24,23,ST016,179.1
AN000324,2025-06-19,2025-08-15,10,ST001,83.21
AN000325,2025-03-25,2025-03-30,15,ST017,40.21
AN000326,2025-05-21,2025-08-16,18,ST005,73.85
AN000327,2025-02-02,2025-06-15,4,ST001,106.47
AN000328,2025-02-21,2025-05-07,5,ST001,35.16
AN000329,2025-03-17,2025-05-18,16,ST006,76.2
AN000330,2025-01-28,2025-02-20,15,ST012,93.93
AN000331,2025-01-13,2025-02-01,15,ST011,142.27
AN000332,2025-06-20,2025-08-27,2,ST010,71.4
AN000333,2025-06-22,2025-07-26,22,ST004,144.04
AN000334,2025-02-24,2025-08-10,10,ST008,150.15
AN000335,2025-05-30,2025-07-01,17,ST007,163.61
AN000336,2025-06-25,2025-10-13,1,ST005,139.1
AN000337,2025-01-22,2025-02-12,17,ST017,45.27
AN000338,2025-03-07,2025-05-29,14,ST015,140.15
AN000339,2025-04-23,2025-05-31,3,ST015,43.07
AN000340,2025-02-20,2025-05-30,4,ST018,22.82
AN000341,2025-03-08,2025-03-15,17,ST013,36.31
AN000342,2025-03-27,2025-09-21,22,ST009,126.44
AN000343,2025-02-07,2025-03-16,23,ST009,89.83
AN000344,2025-06-02,2025-11-19,8,ST014,160.88
AN000345,2025-01-10,2025-05-18,20,ST009,26.22
AN000346,2025-06-10,2025-11-15,14,ST015,68.65
AN000347,2025-05-14,2025-09-23,4,ST016,36.85
AN000348,2025-04-14,2025-08-28,7,ST015,27.91
AN000349,2025-04-26,2025-09-26,8,ST011,46.09
AN000350,2025-06-25,2025-07-31,7,ST012,70.11
AN000351,2025-06-24,2025-12-03,8,ST001,45.28
AN000352,2025-04-24,2025-07-31,21,ST001,33.02
AN000353,2025-03-08,2025-05-01,2,ST005,140.62
AN000354,2025-02-03,2025-03-17,7,ST005,149.44
AN000355,2025-05-23,2025-11-06,3,ST008,55.52
AN000356,2025-03-16,2025-06-09,9,ST007,163.4
AN000357,2025-01-31,2025-05-08,7,ST004,39.89
AN000358,2025-01-15,2025-04-29,13,ST007,47.88
AN000359,2025-03-28,2025-06-22,19,ST015,138.95
AN000360,2025-02-15,2025-03-23,3,ST010,149.02
AN000361,2025-05-27,2025-06-20,1,ST003,143.57
AN000362,2025-02-11,2025-08-02,3,ST001,104.55
AN000363,2025-03-17,2025-04-03,1,ST005,107.96
AN000364,2025-06-22,2025-07-13,16,ST010,24.25
AN000365,2025-06-06,2025-09-17,4,ST012,27.34
AN000366,2025-03-12,2025-03-14,14,ST014,65.14
AN000367,2025-01-15,2025-01-24,18,ST008,133.33
AN000368,2025-03-23,2025-06-26,6,ST005,73.24
AN000369,2025-03-30,2025-04-19,1,ST014,109.35
AN000370,2025-04-16,2025-09-16,2,ST001,27.66
AN000371,2025-06-30,2025-10-23,6,ST005,41.45
AN000372,2025-03-13,2025-08-10,7,ST004,55.21
AN000373,2025-03-02,2025-03-29,14,ST014,103.18
AN000374,2025-02-11,2025-04-16,3,ST002,179.92
AN000375,2025-05-23,2025-07-10,14,ST004,116.91
AN000376,2025-02-17,2025-07-11,5,ST014,34.19
AN000377,2025-06-10,2025-11-28,16,ST012,75.87
AN000378,2025-01-21,2025-05-19,16,ST001,30.96
AN000379,2025-03-16,2025-03-26,5,ST014,33.82
AN000380,2025-02-25,2025-08-10,9,ST004,42.23
AN000381,2025-02-27,2025-07-18,10,ST018,160.91
AN000382,2025-06-03,2025-09-11,7,ST008,30.83
AN000383,2025-06-11,2025-09-07,7,ST014,59.76
AN000384,2025-03-20,2025-03-23,13,ST011,157.84
AN000385,2025-06-15,2025-10-21,23,ST008,107.02
AN000386,2025-03-24,2025-08-15,17,ST015,107.0
AN000387,2025-03-24,2025-06-09,13,ST007,69.97
AN000388,2025-06-11,2025-06-28,20,ST013,62.84
AN000389,2025-04-02,2025-05-11,18,ST013,157.01
AN000390,2025-02-13,2025-05-24,14,ST007,101.24
AN000391,2025-06-26,2025-12-07,4,ST004,32.86
AN000392,2025-05-07,2025-09-13,19,ST016,20.28
AN000393,2025-02-18,2025-04-29,4,ST018,98.75
AN000394,2025-05-26,2025-06-07,1,ST017,70.84
AN000395,2025-06-11,2025-11-27,16,ST007,30.3
AN000396,2025-02-23,2025-05-02,18,ST011,123.53
AN000397,2025-05-01,2025-10-15,13,ST006,103.22
AN000398,2025-01-09,2025-03-09,10,ST018,167.11
AN000399,2025-06-05,2025-08-01,3,ST004,40.46
AN000400,2025-02-12,2025-07-24,15,ST011,87.71
AN000401,2025-03-23,2025-03-29,3,ST007,162.53
AN000402,2025-04-07,2025-08-17,24,ST004,119.5
AN000403,2025-02-17,2025-06-21,1,ST015,76.27
AN000404,2025-02-18,2025-06-25,3,ST014,142.8
AN000405,2025-06-20,2025-11-08,5,ST012,120.67
AN000406,2025-04-25,2025-05-27,10,ST017,24.74
AN000407,2025-04-06,2025-05-17,15,ST012,37.91
AN000408,2025-03-01,2025-07-03,5,ST017,82.5
AN000409,2025-06-19,2025-10-13,7,ST001,143.42
AN000410,2025-06-04,2025-10-31,22,ST007,111.09
AN000411,2025-06-07,2025-10-22,23,ST013,66.05
AN000412,2025-03-23,2025-07-23,1,ST018,156.27
AN000413,2025-03-01,2025-08-21,10,ST008,140.09
AN000414,2025-03-28,2025-04-12,15,ST015,128.47
AN000415,2025-02-13,2025-05-01,1,ST009,132.25
AN000416,2025-03-12,2025-06-17,2,ST001,129.44
AN000417,2025-01-10,2025-02-16,17,ST009,153.02
AN000418,2025-03-17,2025-04-14,12,ST002,139.05
AN000419,2025-03-11,2025-07-05,18,ST010,137.5
AN000420,2025-05-12,2025-07-28,4,ST011,22.09
AN000421,2025-05-11,2025-08-15,23,ST008,83.6
AN000422,2025-01-16,2025-01-20,23,ST018,65.53
AN000423,2025-05-29,2025-07-06,8,ST017,83.06
AN000424,2025-05-29,2025-10-11,17,ST013,158.37
AN000425,2025-05-04,2025-06-08,4,ST014,75.74
AN000426,2025-04-29,2025-08-15,19,ST003,92.6
AN000427,2025-02-17,2025-07-08,9,ST005,129.27
AN000428,2025-03-14,2025-08-29,6,ST011,99.63
AN000429,2025-04-04,2025-06-20,18,ST017,159.26
AN000430,2025-03-23,2025-07-27,14,ST009,173.41
AN000431,2025-04-18,2025-05-29,4,ST001,106.47
AN000432,2025-03-22,2025-08-26,4,ST009,137.86
AN000433,2025-05-21,2025-07-02,15,ST003,75.23
AN000434,2025-06-24,2025-08-02,4,ST012,49.39
AN000435,2025-02-11,2025-04-15,8,ST011,48.48
AN000436,2025-01-27,2025-06-22,9,ST007,105.02
AN000437,2025-05-10,2025-08-14,15,ST014,56.91
AN000438,2025-04-15,2025-05-19,1,ST001,23.23
AN000439,2025-05-06,2025-05-07,2,ST018,25.38
AN000440,2025-05-24,2025-10-26,17,ST011,30.95
AN000441,2025-02-14,2025-05-05,15,ST006,161.24
AN000442,2025-02-02,2025-07-27,11,ST015,172.8
AN000443,2025-04-20,2025-08-08,23,ST003,164.03
AN000444,2025-02-22,2025-03-16,8,ST017,58.62
AN000445,2025-03-31,2025-04-20,8,ST009,26.56
AN000446,2025-05-26,2025-08-11,10,ST002,64.11
AN000447,2025-05-05,2025-05-25,18,ST008,21.4
AN000448,2025-03-09,2025-07-02,19,ST002,154.94
AN000449,2025-02-21,2025-08-01,15,ST002,170.9
AN000450,2025-02-25,2025-03-09,2,ST005,171.5
AN000451,2025-03-13,2025-07-05,18,ST006,95.79
AN000452,2025-01-25,2025-03-06,22,ST008,73.67
AN000453,2025-05-24,2025-06-06,9,ST017,24.1
AN000454,2025-02-26,2025-04-29,10,ST007,163.19
AN000455,2025-05-11,2025-06-11,8,ST002,136.87
AN000456,2025-02-26,2025-06-28,13,ST012,43.46
AN000457,2025-03-16,2025-05-20,4,ST017,133.48
AN000458,2025-02-28,2025-05-04,3,ST007,153.82
AN000459,2025-03-19,2025-09-14,23,ST007,156.88
AN000460,2025-02-14,2025-03-08,2,ST004,103.35
AN000461,2025-04-15,2025-04-19,20,ST014,54.87
AN000462,2025-02-15,2025-07-29,17,ST007,88.98
AN000463,2025-02-22,2025-05-08,24,ST012,170.8
AN000464,2025-02-18,2025-07-11,7,ST001,36.86
AN000465,2025-06-06,2025-09-02,6,ST002,67.22
AN000466,2025-03-21,2025-09-12,2,ST015,51.37
AN000467,2025-05-09,2025-08-20,3,ST012,119.76
AN000468,2025-02-04,2025-03-28,20,ST003,139.26
AN000469,2025-06-27,2025-11-03,12,ST012,94.28
AN000470,2025-01-14,2025-05-03,3,ST007,62.4
AN000471,2025-02-13,2025-03-31,24,ST002,152.32
AN000472,2025-02-09,2025-03-04,18,ST003,28.29
AN000473,2025-04-07,2025-09-14,7,ST004,42.91
AN000474,2025-04-19,2025-07-12,1,ST004,175.63
AN000475,2025-03-29,2025-09-24,10,ST005,178.88
AN000476,2025-04-30,2025-09-07,8,ST004,54.01
AN000477,2025-03-05,2025-03-27,9,ST009,126.15
AN000478,2025-03-11,2025-03-11,18,ST018,115.05
AN000479,2025-05-20,2025-10-08,14,ST005,160.1
AN000480,2025-03-20,2025-05-27,14,ST013,36.96
AN000481,2025-06-25,2025-11-02,22,ST008,96.0
AN000482,2025-02-06,2025-04-24,19,ST018,32.27
AN000483,2025-05-15,2025-09-27,1,ST011,120.05
AN000484,2025-02-05,2025-05-06,6,ST002,61.08
AN000485,2025-06-28,2025-12-17,19,ST013,65.08
AN000486,2025-02-27,2025-04-10,14,ST003,89.57
AN000487,2025-05-09,2025-05-31,11,ST009,106.56
AN000488,2025-05-26,2025-08-10,19,ST012,163.99
AN000489,2025-06-19,2025-09-25,18,ST011,153.66
AN000490,2025-06-30,2025-07-09,22,ST012,32.21
AN000491,2025-01-23,2025-01-28,9,ST011,22.48
AN000492,2025-06-10,2025-09-20,10,ST007,123.42
AN000493,2025-06-05,2025-10-11,13,ST007,165.1
AN000494,2025-02-24,2025-05-07,4,ST006,74.5
AN000495,2025-06-14,2025-10-26,5,ST004,60.71
AN000496,2025-06-25,2025-12-04,15,ST002,126.17
AN000497,2025-02-10,2025-04-18,16,ST012,46.68
AN000498,2025-02-22,2025-07-06,20,ST013,120.82
AN000499,2025-04-05,2025-09-03,15,ST013,115.75
AN000500,2025-03-17,2025-06-09,21,ST018,58.85
AN000501,2025-02-27,2025-05-23,13,ST009,167.11
AN000502,2025-05-28,2025-10-04,9,ST006,122.7
AN000503,2025-04-16,2025-08-20,20,ST008,175.83
AN000504,2025-02-18,2025-03-23,6,ST009,123.89
AN000505,2025-02-23,2025-04-30,12,ST017,169.32
AN000506,2025-02-10,2025-08-02,21,ST015,110.33
AN000507,2025-05-29,2025-08-29,21,ST016,106.27
AN000508,2025-05-07,2025-09-12,3,ST006,171.57
AN000509,2025-04-04,2025-08-03,9,ST006,168.8
AN000510,2025-02-27,2025-08-07,5,ST006,166.64
AN000511,2025-04-13,2025-05-07,19,ST016,72.26
AN000512,2025-02-06,2025-08-01,13,ST016,75.05
AN000513,2025-01-30,2025-03-01,19,ST010,63.26
AN000514,2025-05-09,2025-09-08,16,ST001,83.42
AN000515,2025-01-29,2025-03-03,23,ST004,154.69
AN000516,2025-01-15,2025-02-28,16,ST008,170.58
AN000517,2025-03-10,2025-07-29,2,ST004,142.42
AN000518,2025-06-25,2025-10-15,17,ST014,47.97
AN000519,2025-01-29,2025-03-31,5,ST011,143.36
AN000520,2025-05-10,2025-11-05,10,ST008,40.28
AN000521,2025-01-06,2025-05-08,1,ST018,137.21
AN000522,2025-06-10,2025-07-22,10,ST006,146.78
AN000523,2025-04-21,2025-04-25,8,ST013,141.93
AN000524,2025-03-01,2025-05-21,10,ST004,78.26
AN000525,2025-05-26,2025-07-25,8,ST001,140.98
AN000526,2025-06-12,2025-10-06,15,ST013,167.0
AN000527,2025-03-30,2025-08-15,12,ST004,82.39
AN000528,2025-03-04,2025-05-13,10,ST011,45.27
AN000529,2025-05-26,2025-06-03,7,ST013,39.4
AN000530,2025-04-09,2025-09-06,14,ST005,174.32
AN000531,2025-01-19,2025-05-08,8,ST010,49.3
AN000532,2025-01-03,2025-04-18,21,ST012,142.18
AN000533,2025-03-29,2025-04-19,1,ST008,120.08
AN000534,2025-04-18,2025-08-09,7,ST007,35.54
AN000535,2025-06-24,2025-10-29,20,ST006,43.29
AN000536,2025-01-26,2025-04-09,9,ST008,64.52
AN000537,2025-06-27,2025-07-16,22,ST016,107.05
AN000538,2025-04-15,2025-07-20,21,ST009,55.19
AN000539,2025-04-12,2025-07-02,9,ST015,121.04
AN000540,2025-02-07,2025-05-08,23,ST001,80.1
AN000541,2025-06-25,2025-12-21,2,ST014,67.83
AN000542,2025-05-06,2025-06-17,22,ST009,118.7
AN000543,2025-03-30,2025-07-17,12,ST011,141.63
AN000544,2025-06-26,2025-10-07,13,ST009,31.58
AN000545,2025-02-24,2025-06-03,13,ST016,130.08
AN000546,2025-06-02,2025-06-17,9,ST017,102.41
AN000547,2025-06-16,2025-11-08,18,ST018,142.57
AN000548,2025-05-13,2025-05-13,17,ST006,21.46
AN000549,2025-04-15,2025-04-21,4,ST006,70.59
AN000550,2025-02-08,2025-03-23,16,ST007,109.43
AN000551,2025-02-22,2025-02-23,18,ST001,40.81
AN000552,2025-04-04,2025-04-08,16,ST009,164.57
AN000553,2025-05-12,2025-09-13,22,ST016,34.1
AN000554,2025-01-05,2025-02-20,9,ST004,47.08
AN000555,2025-02-14,2025-05-08,12,ST011,99.05
AN000556,2025-06-14,2025-10-02,7,ST016,44.91
AN000557,2025-04-24,2025-08-13,10,ST015,113.33
AN000558,2025-01-31,2025-04-09,8,ST007,179.01
AN000559,2025-06-14,2025-09-09,22,ST002,50.03
AN000560,2025-04-16,2025-09-12,16,ST005,106.48
AN000561,2025-02-03,2025-06-01,2,ST010,54.5
AN000562,2025-05-13,2025-10-03,18,ST001,151.6
AN000563,2025-03-18,2025-06-25,3,ST009,121.13
AN000564,2025-01-19,2025-02-19,19,ST006,133.21
AN000565,2025-01-26,2025-06-03,18,ST013,153.78
AN000566,2025-03-25,2025-03-28,21,ST010,65.05
AN000567,2025-05-26,2025-10-09,9,ST009,58.13
AN000568,2025-01-14,2025-05-22,1,ST012,166.52
AN000569,2025-04-17,2025-07-06,12,ST013,135.46
AN000570,2025-03-07,2025-05-28,1,ST008,45.9
AN000571,2025-03-23,2025-05-03,13,ST010,69.6
AN000572,2025-04-18,2025-05-23,7,ST010,68.68
AN000573,2025-03-22,2025-04-05,13,ST011,174.4
AN000574,2025-04-06,2025-08-17,17,ST005,107.42
AN000575,2025-05-05,2025-06-16,12,ST003,118.36
AN000576,2025-05-27,2025-07-16,11,ST013,121.15
AN000577,2025-05-09,2025-06-03,21,ST011,56.44
AN000578,2025-03-18,2025-09-02,1,ST006,169.38
AN000579,2025-04-23,2025-09-28,10,ST010,129.32
AN000580,2025-01-22,2025-03-12,1,ST012,160.05
AN000581,2025-02-18,2025-02-22,14,ST008,160.85
AN000582,2025-04-07,2025-04-08,22,ST017,55.15
AN000583,2025-05-20,2025-07-27,6,ST015,130.25
AN000584,2025-02-04,2025-05-03,13,ST004,158.76
AN000585,2025-05-13,2025-06-04,2,ST017,158.69
AN000586,2025-01-20,2025-04-14,8,ST002,97.7
AN000587,2025-05-21,2025-09-06,13,ST013,166.1
AN000588,2025-05-22,2025-08-14,15,ST017,26.81
AN000589,2025-01-06,2025-04-12,3,ST012,154.79
AN000590,2025-01-21,2025-03-22,17,ST014,117.28
AN000591,2025-02-10,2025-02-15,2,ST005,170.11
AN000592,2025-04-14,2025-05-26,6,ST004,139.01
AN000593,2025-03-24,2025-07-19,22,ST008,56.86
AN000594,2025-06-27,2025-07-10,19,ST017,107.31
AN000595,2025-01-07,2025-03-24,14,ST014,31.91
AN000596,2025-05-13,2025-07-02,3,ST008,147.18
AN000597,2025-06-13,2025-08-16,21,ST007,111.35
AN000598,2025-03-07,2025-06-27,11,ST010,79.18
AN000599,2025-06-26,2025-08-28,20,ST007,35.18
AN000600,2025-05-06,2025-05-19,18,ST008,100.62
AN000601,2025-06-12,2025-10-26,7,ST007,171.73
AN000602,2025-06-27,2025-12-23,4,ST013,174.25
AN000603,2025-02-02,2025-02-15,18,ST008,43.33
AN000604,2025-06-14,2025-06-30,8,ST004,66.71
AN000605,2025-04-01,2025-08-09,10,ST016,20.2
AN000606,2025-05-19,2025-08-04,21,ST011,58.37
AN000607,2025-02-19,2025-04-23,17,ST001,105.46
AN000608,2025-03-06,2025-04-27,5,ST012,97.35
AN000609,2025-03-27,2025-07-20,2,ST011,72.84
AN000610,2025-01-14,2025-02-08,19,ST001,60.12
AN000611,2025-02-11,2025-05-10,6,ST007,78.44
AN000612,2025-04-26,2025-09-19,13,ST007,21.84
AN000613,2025-04-26,2025-10-17,20,ST015,23.85
AN000614,2025-01-30,2025-04-07,10,ST017,126.46
AN000615,2025-04-20,2025-07-27,4,ST002,120.58
AN000616,2025-05-31,2025-09-19,19,ST018,162.19
AN000617,2025-04-12,2025-06-20,17,ST003,137.73
AN000618,2025-02-25,2025-04-23,8,ST008,37.85
AN000619,2025-01-05,2025-06-10,7,ST012,107.28
AN000620,2025-04-09,2025-08-19,3,ST014,24.42
AN000621,2025-01-03,2025-01-24,21,ST012,51.35
AN000622,2025-02-05,2025-07-06,6,ST003,23.04
AN000623,2025-02-23,2025-06-08,18,ST004,122.74
AN000624,2025-06-28,2025-07-06,15,ST002,173.33
AN000625,2025-01-03,2025-03-14,4,ST002,107.82
AN000626,2025-05-05,2025-08-17,23,ST008,137.82
AN000627,2025-05-18,2025-08-24,3,ST012,142.32
AN000628,2025-03-28,2025-09-02,19,ST018,130.32
AN000629,2025-06-07,2025-09-20,3,ST008,100.22
AN000630,2025-04-05,2025-09-15,4,ST015,161.05
AN000631,2025-02-20,2025-06-02,10,ST010,23.37
AN000632,2025-06-17,2025-08-22,4,ST011,144.68
AN000633,2025-04-01,2025-07-09,12,ST013,110.75
AN000634,2025-04-24,2025-10-17,10,ST005,91.98
AN000635,2025-04-01,2025-05-14,3,ST009,111.45
AN000636,2025-01-20,2025-05-15,3,ST001,129.32
AN000637,2025-03-23,2025-05-10,15,ST015,179.49
AN000638,2025-04-01,2025-05-11,19,ST015,137.56
AN000639,2025-04-23,2025-08-08,14,ST001,79.02
AN000640,2025-03-15,2025-06-04,6,ST003,145.54
AN000641,2025-03-06,2025-03-31,18,ST001,71.32
AN000642,2025-04-20,2025-07-27,16,ST011,45.27
AN000643,2025-03-18,2025-07-25,10,ST001,73.85
AN000644,2025-06-10,2025-09-29,16,ST005,89.01
AN000645,2025-03-28,2025-06-05,10,ST003,77.1
AN000646,2025-02-24,2025-03-05,16,ST003,108.42
AN000647,2025-02-03,2025-04-27,10,ST012,142.43
AN000648,2025-06-07,2025-11-02,5,ST003,171.1
AN000649,2025-03-01,2025-05-06,21,ST006,115.11
AN000650,2025-06-07,2025-11-21,17,ST007,43.9
AN000651,2025-05-06,2025-10-09,12,ST003,159.78
AN000652,2025-05-26,2025-06-22,1,ST006,149.37
AN000653,2025-04-01,2025-06-19,7,ST011,117.02
AN000654,2025-05-07,2025-11-01,3,ST010,75.75
AN000655,2025-05-27,2025-08-01,9,ST010,109.47
AN000656,2025-02-04,2025-06-18,13,ST007,32.44
AN000657,2025-05-09,2025-07-12,15,ST006,109.63
AN000658,2025-01-15,2025-02-19,20,ST002,89.92
AN000659,2025-02-17,2025-07-25,15,ST009,29.98
AN000660,2025-01-14,2025-02-18,19,ST018,26.94
AN000661,2025-03-03,2025-04-20,8,ST005,162.96
AN000662,2025-01-19,2025-02-13,15,ST010,129.49
AN000663,2025-04-30,2025-10-05,7,ST014,154.79
AN000664,2025-01-21,2025-04-16,9,ST005,79.23
AN000665,2025-06-23,2025-11-24,4,ST002,61.47
AN000666,2025-02-28,2025-03-07,19,ST008,151.49
AN000667,2025-03-29,2025-04-06,24,ST013,176.64
AN000668,2025-01-25,2025-06-27,2,ST003,163.09
AN000669,2025-05-08,2025-10-10,3,ST012,140.15
AN000670,2025-04-06,2025-08-04,18,ST013,70.03
AN000671,2025-03-24,2025-05-15,7,ST016,119.2
AN000672,2025-05-19,2025-08-29,18,ST005,104.8
AN000673,2025-06-03,2025-11-26,23,ST009,34.18
AN000674,2025-03-18,2025-06-04,7,ST017,153.94
AN000675,2025-06-04,2025-10-05,17,ST013,48.59
AN000676,2025-01-27,2025-04-09,9,ST013,94.02
AN000677,2025-04-14,2025-06-25,9,ST006,48.69
AN000678,2025-04-24,2025-08-28,23,ST004,36.15
AN000679,2025-06-17,2025-08-14,3,ST010,179.39
AN000680,2025-02-14,2025-04-11,19,ST002,167.17
AN000681,2025-04-25,2025-10-15,15,ST005,115.07
AN000682,2025-01-22,2025-03-22,9,ST011,176.88
AN000683,2025-02-05,2025-06-17,14,ST018,163.26
AN000684,2025-03-07,2025-04-08,13,ST004,99.13
AN000685,2025-04-13,2025-06-22,13,ST014,86.02
AN000686,2025-03-07,2025-06-13,2,ST011,101.55
AN000687,2025-03-28,2025-05-31,3,ST015,146.39
AN000688,2025-05-05,2025-10-01,12,ST004,153.01
AN000689,2025-04-18,2025-08-23,2,ST003,90.16
AN000690,2025-02-01,2025-05-11,2,ST004,92.95
AN000691,2025-05-29,2025-08-30,17,ST006,145.42
AN000692,2025-03-20,2025-04-21,24,ST002,156.79
AN000693,2025-06-13,2025-12-02,20,ST008,155.16
AN000694,2025-03-03,2025-05-12,19,ST005,137.35
AN000695,2025-02-03,2025-05-15,12,ST006,75.52
AN000696,2025-04-16,2025-10-10,14,ST006,135.37
AN000697,2025-03-29,2025-04-29,3,ST008,47.74
AN000698,2025-06-11,2025-07-12,9,ST017,108.36
AN000699,2025-05-10,2025-10-11,5,ST008,21.43
AN000700,2025-01-01,2025-05-19,2,ST009,54.12
AN000701,2025-06-25,2025-11-01,7,ST004,130.0
AN000702,2025-05-31,2025-06-14,12,ST001,28.06
AN000703,2025-03-03,2025-05-21,3,ST017,76.27
AN000704,2025-05-19,2025-07-12,1,ST015,123.63
AN000705,2025-04-24,2025-07-24,22,ST015,94.21
AN000706,2025-04-25,2025-10-09,3,ST005,58.14
AN000707,2025-02-10,2025-06-04,2,ST016,51.43
AN000708,2025-03-13,2025-09-04,15,ST011,116.96
AN000709,2025-01-31,2025-02-19,9,ST002,174.64
AN000710,2025-06-29,2025-12-25,14,ST004,177.17
AN000711,2025-02-18,2025-07-02,22,ST009,127.5
AN000712,2025-01-29,2025-07-19,12,ST006,134.56
AN000713,2025-04-21,2025-09-10,20,ST006,47.88
AN000714,2025-03-02,2025-04-02,15,ST011,159.64
AN000715,2025-02-27,2025-05-14,11,ST015,50.85
AN000716,2025-04-06,2025-09-30,7,ST017,65.4
AN000717,2025-05-27,2025-09-18,8,ST003,28.49
AN000718,2025-04-17,2025-05-03,20,ST004,154.92
AN000719,2025-04-17,2025-08-16,15,ST012,146.21
AN000720,2025-01-26,2025-05-16,5,ST006,80.88
AN000721,2025-04-26,2025-06-16,19,ST017,145.44
AN000722,2025-03-12,2025-06-06,6,ST011,97.33
AN000723,2025-03-05,2025-08-09,6,ST002,67.14
AN000724,2025-05-29,2025-06-28,2,ST012,121.91
AN000725,2025-03-04,2025-05-16,10,ST016,64.11
AN000726,2025-04-30,2025-09-26,13,ST013,147.27
AN000727,2025-01-01,2025-04-09,14,ST004,57.27
AN000728,2025-06-11,2025-07-27,18,ST010,84.17
AN000729,2025-06-17,2025-11-27,15,ST011,34.2
AN000730,2025-04-16,2025-07-14,21,ST012,24.44
AN000731,2025-03-16,2025-08-15,2,ST003,137.11
AN000732,2025-01-28,2025-02-07,1,ST013,113.99
AN000733,2025-05-18,2025-10-28,19,ST003,104.46
AN000734,2025-05-18,2025-06-02,8,ST005,123.75
AN000735,2025-04-13,2025-07-27,24,ST004,139.46
AN000736,2025-02-28,2025-04-29,3,ST006,59.9
AN000737,2025-01-18,2025-03-03,21,ST011,97.39
AN000738,2025-05-22,2025-07-08,21,ST017,128.07
AN000739,2025-03-20,2025-07-13,20,ST017,61.41
AN000740,2025-06-03,2025-09-24,1,ST014,57.69
AN000741,2025-01-13,2025-03-23,17,ST015,53.7
AN000742,2025-03-23,2025-06-29,18,ST003,145.02
AN000743,2025-02-05,2025-02-16,2,ST008,153.15
AN000744,2025-01-05,2025-04-28,6,ST001,63.6
AN000745,2025-01-14,2025-04-13,14,ST008,71.02
AN000746,2025-03-20,2025-07-13,7,ST006,44.78
AN000747,2025-04-13,2025-08-16,18,ST010,105.19
AN000748,2025-04-30,2025-05-21,20,ST012,136.95
AN000749,2025-06-10,2025-06-13,7,ST018,166.57
AN000750,2025-05-06,2025-08-11,14,ST013,141.53
AN000751,2025-02-08,2025-05-27,16,ST018,49.19
AN000752,2025-03-13,2025-07-09,8,ST007,147.95
AN000753,2025-04-15,2025-09-07,13,ST011,114.75
AN000754,2025-03-25,2025-07-24,12,ST006,79.87
AN000755,2025-01-21,2025-03-20,22,ST011,133.04
AN000756,2025-03-15,2025-07-20,8,ST002,92.65
AN000757,2025-02-17,2025-05-27,7,ST011,50.21
AN000758,2025-05-14,2025-07-02,10,ST007,59.84
AN000759,2025-04-13,2025-06-04,11,ST014,84.38
AN000760,2025-01-03,2025-03-06,6,ST014,124.09
AN000761,2025-04-28,2025-09-22,17,ST005,179.49
AN000762,2025-05-01,2025-05-10,21,ST012,81.06
AN000763,2025-03-15,2025-05-06,6,ST001,37.64
AN000764,2025-06-11,2025-06-23,13,ST015,117.61
AN000765,2025-01-29,2025-05-20,7,ST001,66.74
AN000766,2025-06-23,2025-10-23,18,ST009,171.89
AN000767,2025-05-10,2025-07-16,9,ST018,57.25
AN000768,2025-06-25,2025-07-13,6,ST003,142.14
AN000769,2025-03-27,2025-08-25,9,ST002,99.49
AN000770,2025-04-02,2025-05-31,12,ST006,169.21
AN000771,2025-04-28,2025-08-24,7,ST012,109.69
AN000772,2025-01-18,2025-02-03,2,ST016,31.02
AN000773,2025-01-25,2025-07-16,5,ST015,118.66
AN000774,2025-04-17,2025-08-01,23,ST018,42.84
AN000775,2025-06-27,2025-07-27,22,ST001,34.3
AN000776,2025-06-14,2025-10-27,16,ST018,150.93
AN000777,2025-05-11,2025-10-06,8,ST009,105.06
AN000778,2025-02-19,2025-07-05,1,ST006,166.7
AN000779,2025-03-15,2025-06-01,6,ST004,84.53
AN000780,2025-03-16,2025-05-03,3,ST004,36.04
AN000781,2025-05-21,2025-05-22,4,ST003,149.15
AN000782,2025-05-03,2025-10-15,15,ST006,144.07
AN000783,2025-01-02,2025-06-24,17,ST008,137.7
AN000784,2025-01-22,2025-02-15,11,ST011,66.26
AN000785,2025-01-19,2025-05-19,21,ST015,77.97
AN000786,2025-03-04,2025-04-01,15,ST017,129.37
AN000787,2025-01-09,2025-02-24,24,ST013,88.53
AN000788,2025-02-09,2025-08-06,17,ST004,86.28
AN000789,2025-06-12,2025-07-19,9,ST006,135.73
AN000790,2025-02-09,2025-03-01,12,ST015,88.06
AN000791,2025-06-12,2025-09-30,16,ST015,65.62
AN000792,2025-02-02,2025-05-09,11,ST008,95.1
AN000793,2025-01-01,2025-05-03,4,ST013,20.48
AN000794,2025-02-14,2025-05-31,4,ST005,144.08
AN000795,2025-05-18,2025-10-01,9,ST018,30.11
AN000796,2025-05-20,2025-08-21,1,ST006,81.86
AN000797,2025-03-28,2025-04-05,18,ST007,107.69
AN000798,2025-01-06,2025-03-19,6,ST008,104.73
AN000799,2025-01-21,2025-02-09,24,ST002,70.3
AN000800,2025-03-17,2025-08-26,7,ST015,77.53
